hgvs_nt,Rep1_counts_selection,Rep2_counts_selection,Rep3_counts_selection,Rep1_counts_noselection,Rep2_counts_noselection,Rep3_counts_noselection
NM_032415.7:c.460_495=,138819,104490,84900,155119,96308,71466
NM_032415.7:c.460G>A,2495,1636,1540,3171,1917,1260
NM_032415.7:c.462=,12243,9034,8253,14736,9486,6960
NM_032415.7:c.462C>G,4879,1637,1509,3071,1876,1237
NM_032415.7:c.462C>T,3074,1797,1620,3694,2391,1609
NM_032415.7:c.1017+4G>C,3316,3918,2500,3612,6159,6507
NM_032415.7:c.1017+4=,45905,94823,47803,56149,108487,91450
NM_032415.7:c.1017+4G>T,7357,3485,3433,6302,10682,9325
NM_032415.7:c.*8G>C,820,910,760,905,990,845
NM_032415.7:c.*8=,795,860,900,880,845,915
NM_032415.7:c.*8G>T,760,705,830,900,950,880
NM_032415.7:c.2533A>T,1148,1825,789,1236,4188,1596
NM_032415.7:c.[2533A>T;2535A>G],173,986,303,364,1456,463
NM_032415.7:c.2687_2688delinsAA,219,763,578,656,1038,999
NM_032415.7:c.865-4C>A,2273,2079,640,2053,2773,1549
NM_032415.7:c.865-4C>G,2002,1617,551,1951,2506,914
