hgvs_nt,class_name
NM_032415.7:c.460_495=,functional
NM_032415.7:c.460G>A,functional
NM_032415.7:c.462=,functional
NM_032415.7:c.462C>G,functional
NM_032415.7:c.462C>T,functional
NM_032415.7:c.1017+4G>C,functional
NM_032415.7:c.1017+4=,functional
NM_032415.7:c.1017+4G>T,functional
NM_032415.7:c.*8G>C,functional
NM_032415.7:c.*8=,functional
NM_032415.7:c.*8G>T,functional
NM_032415.7:c.2533A>T,functional
NM_032415.7:c.[2533A>T;2535A>G],functional
NM_032415.7:c.2687_2688delinsAA,functional
NM_032415.7:c.865-4C>A,functional
NM_032415.7:c.865-4C>G,functional
