hgvs_nt,Rep1_FC,Rep2_FC,Rep3_FC,score
NM_032415.7:c.460_495=,0.022488642,0.258273165,0.054065084,0.111608964
NM_032415.7:c.460G>A,-0.16311692,-0.087911391,0.094859352,-0.052056319
NM_032415.7:c.462=,-0.084709999,0.070209662,0.05135963,0.012286431
NM_032415.7:c.462C>G,0.850360848,-0.055856285,0.092098001,0.295534188
NM_032415.7:c.462C>T,-0.082330037,-0.271187361,-0.184615831,-0.179377743
NM_032415.7:c.1017+4G>C,0.301757566,0.086343552,-0.810053649,-0.140650844
NM_032415.7:c.1017+4=,0.134472514,0.544577014,-0.366212061,0.104279156
NM_032415.7:c.1017+4G>T,0.648350822,-0.876884037,-0.871712846,-0.366748687
NM_032415.7:c.*8G>C,-0.121,0.048,-0.082,-0.052
NM_032415.7:c.*8=,0.031,-0.018,0.056,0.023
NM_032415.7:c.*8G>T,-0.245,-0.198,-0.301,-0.248
NM_032415.7:c.2533A>T,-0.558542381,-1.366096349,-0.95219464,-0.958944457
NM_032415.7:c.[2533A>T;2535A>G],-1.520884837,-0.730056118,-0.546808368,-0.932583107
NM_032415.7:c.2687_2688delinsAA,-2.015061948,-1.517211084,-0.723458456,-1.418577163
NM_032415.7:c.865-4C>A,-0.419719887,-0.020924005,0.150101089,-0.096847601
NM_032415.7:c.865-4C>G,-0.271721616,0.162394041,-0.307843977,-0.139057184
