dataset	original	corrected
CARD11_example	NM_032415.7:c.462A>C	NM_032415.7:c.462=
CARD11_example	NM_032415.7:c.462A>G	NM_032415.7:c.462C>G
CARD11_example	NM_032415.7:c.462A>T	NM_032415.7:c.462C>T
CARD11_example	NM_032415.7:c.1017+4A>C	NM_032415.7:c.1017+4G>C
CARD11_example	NM_032415.7:c.1017+4A>G	NM_032415.7:c.1017+4=
CARD11_example	NM_032415.7:c.1017+4A>T	NM_032415.7:c.1017+4G>T
CARD11_example	NM_032415.7:c.*8A>C	NM_032415.7:c.*8G>C
CARD11_example	NM_032415.7:c.*8A>G	NM_032415.7:c.*8=
CARD11_example	NM_032415.7:c.*8A>T	NM_032415.7:c.*8G>T
CARD11_example	NM_032415.7:c.[2523A>C;2533A>T]	NM_032415.7:c.2533A>T
